first_value,last_value,pct_change,mean,median,n_points
52.4901424590337,97.96923399908212,86.64310937152227,74.82009723165277,74.89046007682191,53
